{
	"code": 1,
	"msg": "메세지",
	"data": [
		{
			"guest_no": "1",
			"guest_name": "김경가",
			"guest_date": "2022-03-28",
			"guest_email": "guard1@naver.com",
			"guest_title": "방명록 사용법1",
			"guest_content": "방명록처럼 사용하시면 됩니다1"
		},
		{
			"guest_no": "2",
			"guest_name": "김경나",
			"guest_date": "2022-03-28",
			"guest_email": "guard2@naver.com",
			"guest_title": "방명록 사용법2",
			"guest_content": "방명록처럼 사용하시면 됩니다2"
		}
	],
	"url": "guest_main"
}